UID,UNAME
A001,KIU OI NAH JULIANA
A002,LEONG WAI HIN LINDA
A003,YAM PEI FANG JACQUELINE
D001,ONG JOON HONG DERRICK
B001,LAM WEI TING DERRICK
C001,CHENG YEW KUANG
E001,GOH TIONG JIN
F001,YONG MEI KHAI YVONNE
G001,JIN HUANG KAI
H001,MAHAJAYA SINGH ELIZABETH
I001,KWEK BOON HAN
I002,GAN YU UNN
I003,JUNE KOH
I004,COLIN THAM
H001,MINAH BTE MAHAMUDDIN
P001,ABIGAIL ANG
P002,BEATRICE BONG
P003,CINDY CHIA
P004,DANNY DELSANTOS
P005,ENG ANG NG
P006,FIN FANG FOOM
P007,GADWIN GONZALEZ
P008,HILMAH BTE SAMRUDDIN
P009,INDIRA NIERI
P010,JAMES JIANNAPICH
P011,KIM KARDASSI
P012,LIANA BTE HASSANUL
P013,MINAH BTE MATTHEW
P014,NINA NANI
P015,ORIANNA LOLRIKSSON
